file,T,tp,fp,tn,fn,precision,recall,f1
7zncd-BZip2-1,41,494,54,1946,6,0.901459854,0.988,0.9427
7zncd-BZip2-3,41,494,54,1946,6,0.901459854,0.988,0.9427
7zncd-BZip2-5,41,494,54,1946,6,0.901459854,0.988,0.9427
7zncd-BZip2-7,42,488,40,1960,12,0.924242424,0.976,0.9494
7zncd-BZip2-9,42,488,40,1960,12,0.924242424,0.976,0.9494
7zncd-default,37,486,47,1953,14,0.911819887,0.972,0.9409
7zncd-Deflate-1,31,481,46,1954,19,0.912713472,0.962,0.9367
7zncd-Deflate-3,31,481,46,1954,19,0.912713472,0.962,0.9367
7zncd-Deflate-5,34,479,46,1954,21,0.912380952,0.958,0.9346
7zncd-Deflate-7,35,492,46,1954,8,0.914498141,0.984,0.948
7zncd-Deflate-9,35,494,46,1954,6,0.914814815,0.988,0.95
7zncd-Deflate64-1,31,481,46,1954,19,0.912713472,0.962,0.9367
7zncd-Deflate64-3,31,481,46,1954,19,0.912713472,0.962,0.9367
7zncd-Deflate64-5,34,480,46,1954,20,0.912547529,0.96,0.9357
7zncd-Deflate64-7,35,492,46,1954,8,0.914498141,0.984,0.948
7zncd-Deflate64-9,35,494,46,1954,6,0.914814815,0.988,0.95
7zncd-LZMA-1,34,471,49,1951,29,0.905769231,0.942,0.9235
7zncd-LZMA-3,34,475,49,1951,25,0.90648855,0.95,0.9277
7zncd-LZMA-5,37,486,47,1953,14,0.911819887,0.972,0.9409
7zncd-LZMA-7,38,495,47,1953,5,0.913284133,0.99,0.9501
7zncd-LZMA-9,38,495,47,1953,5,0.913284133,0.99,0.9501
7zncd-LZMA2-1,34,471,51,1949,29,0.902298851,0.942,0.9217
7zncd-LZMA2-3,34,475,49,1951,25,0.90648855,0.95,0.9277
7zncd-LZMA2-5,37,487,47,1953,13,0.911985019,0.974,0.942
7zncd-LZMA2-7,38,496,47,1953,4,0.913443831,0.992,0.9511
7zncd-LZMA2-9,38,496,47,1953,4,0.913443831,0.992,0.9511
7zncd-PPMd-1,34,481,52,1948,19,0.902439024,0.962,0.9313
7zncd-PPMd-3,34,481,52,1948,19,0.902439024,0.962,0.9313
7zncd-PPMd-5,36,484,54,1946,16,0.899628253,0.968,0.9326
7zncd-PPMd-7,39,489,54,1946,11,0.900552486,0.978,0.9377
7zncd-PPMd-9,41,498,49,1951,2,0.910420475,0.996,0.9513
bsdiff,75,422,8,1992,78,0.981395349,0.844,0.9075
bzip2ncd-1,38,484,40,1960,16,0.923664122,0.968,0.9453
bzip2ncd-2,38,484,40,1960,16,0.923664122,0.968,0.9453
bzip2ncd-3,38,484,40,1960,16,0.923664122,0.968,0.9453
bzip2ncd-4,38,484,40,1960,16,0.923664122,0.968,0.9453
bzip2ncd-5,38,484,40,1960,16,0.923664122,0.968,0.9453
bzip2ncd-6,38,484,40,1960,16,0.923664122,0.968,0.9453
bzip2ncd-7,38,484,40,1960,16,0.923664122,0.968,0.9453
bzip2ncd-8,38,484,40,1960,16,0.923664122,0.968,0.9453
bzip2ncd-9,38,484,40,1960,16,0.923664122,0.968,0.9453
ccfx-10-10,22,484,8,1992,16,0.983739837,0.968,0.9758
ccfx-10-11,18,486,8,1992,14,0.983805668,0.972,0.9779
ccfx-10-12,9,484,32,1968,16,0.937984496,0.968,0.9528
ccfx-10-1,37,500,0,2000,0,1,1,1
ccfx-10-2,37,500,0,2000,0,1,1,1
ccfx-10-3,37,500,0,2000,0,1,1,1
ccfx-10-4,37,500,0,2000,0,1,1,1
ccfx-10-5,37,500,0,2000,0,1,1,1
ccfx-10-6,37,500,0,2000,0,1,1,1
ccfx-10-7,37,500,0,2000,0,1,1,1
ccfx-10-8,33,492,0,2000,8,1,0.984,0.9919
ccfx-10-9,30,488,0,2000,12,1,0.976,0.9879
ccfx-15-10,9,496,0,2000,4,1,0.992,0.996
ccfx-15-11,9,492,0,2000,8,1,0.984,0.9919
ccfx-15-12,5,492,0,2000,8,1,0.984,0.9919
ccfx-15-1,22,492,0,2000,8,1,0.984,0.9919
ccfx-15-2,22,492,0,2000,8,1,0.984,0.9919
ccfx-15-3,22,492,0,2000,8,1,0.984,0.9919
ccfx-15-4,22,492,0,2000,8,1,0.984,0.9919
ccfx-15-5,22,492,0,2000,8,1,0.984,0.9919
ccfx-15-6,22,492,0,2000,8,1,0.984,0.9919
ccfx-15-7,22,492,0,2000,8,1,0.984,0.9919
ccfx-15-8,12,500,0,2000,0,1,1,1
ccfx-15-9,12,500,0,2000,0,1,1,1
ccfx-16-1,22,492,0,2000,8,1,0.984,0.9919
ccfx-16-2,22,492,0,2000,8,1,0.984,0.9919
ccfx-16-3,22,492,0,2000,8,1,0.984,0.9919
ccfx-16-4,22,492,0,2000,8,1,0.984,0.9919
ccfx-16-5,22,492,0,2000,8,1,0.984,0.9919
ccfx-16-6,22,492,0,2000,8,1,0.984,0.9919
ccfx-16-7,22,492,0,2000,8,1,0.984,0.9919
ccfx-16-8,12,500,0,2000,0,1,1,1
ccfx-16-9,12,496,0,2000,4,1,0.992,0.996
ccfx-17-1,22,492,0,2000,8,1,0.984,0.9919
ccfx-17-2,22,492,0,2000,8,1,0.984,0.9919
ccfx-17-3,22,492,0,2000,8,1,0.984,0.9919
ccfx-17-4,22,492,0,2000,8,1,0.984,0.9919
ccfx-17-5,22,492,0,2000,8,1,0.984,0.9919
ccfx-17-6,22,488,0,2000,12,1,0.976,0.9879
ccfx-17-7,22,488,0,2000,12,1,0.976,0.9879
ccfx-17-8,12,500,0,2000,0,1,1,1
ccfx-17-9,12,496,0,2000,4,1,0.992,0.996
ccfx-18-1,15,500,0,2000,0,1,1,1
ccfx-18-2,15,500,0,2000,0,1,1,1
ccfx-18-3,15,500,0,2000,0,1,1,1
ccfx-18-4,15,500,0,2000,0,1,1,1
ccfx-18-5,15,500,0,2000,0,1,1,1
ccfx-18-6,15,500,0,2000,0,1,1,1
ccfx-18-7,15,500,0,2000,0,1,1,1
ccfx-18-8,12,500,0,2000,0,1,1,1
ccfx-18-9,12,496,0,2000,4,1,0.992,0.996
ccfx-19-1,12,500,0,2000,0,1,1,1
ccfx-19-2,12,500,0,2000,0,1,1,1
ccfx-19-3,12,500,0,2000,0,1,1,1
ccfx-19-4,12,500,0,2000,0,1,1,1
ccfx-19-5,12,500,0,2000,0,1,1,1
ccfx-19-6,12,500,0,2000,0,1,1,1
ccfx-19-7,12,500,0,2000,0,1,1,1
ccfx-19-8,12,500,0,2000,0,1,1,1
ccfx-19-9,12,496,0,2000,4,1,0.992,0.996
ccfx-20-10,5,500,0,2000,0,1,1,1
ccfx-20-11,5,496,0,2000,4,1,0.992,0.996
ccfx-20-12,4,492,0,2000,8,1,0.984,0.9919
ccfx-20-1,12,500,0,2000,0,1,1,1
ccfx-20-2,12,500,0,2000,0,1,1,1
ccfx-20-3,12,500,0,2000,0,1,1,1
ccfx-20-4,12,500,0,2000,0,1,1,1
ccfx-20-5,12,500,0,2000,0,1,1,1
ccfx-20-6,12,500,0,2000,0,1,1,1
ccfx-20-7,12,500,0,2000,0,1,1,1
ccfx-20-8,12,500,0,2000,0,1,1,1
ccfx-20-9,12,496,0,2000,4,1,0.992,0.996
ccfx-21-1,12,500,0,2000,0,1,1,1
ccfx-21-2,12,500,0,2000,0,1,1,1
ccfx-21-3,12,500,0,2000,0,1,1,1
ccfx-21-4,12,500,0,2000,0,1,1,1
ccfx-21-5,12,500,0,2000,0,1,1,1
ccfx-21-6,12,500,0,2000,0,1,1,1
ccfx-21-7,12,500,0,2000,0,1,1,1
ccfx-21-8,12,500,0,2000,0,1,1,1
ccfx-21-9,12,496,0,2000,4,1,0.992,0.996
ccfx-22-1,12,500,0,2000,0,1,1,1
ccfx-22-2,12,500,0,2000,0,1,1,1
ccfx-22-3,12,500,0,2000,0,1,1,1
ccfx-22-4,12,500,0,2000,0,1,1,1
ccfx-22-5,12,500,0,2000,0,1,1,1
ccfx-22-6,12,500,0,2000,0,1,1,1
ccfx-22-7,12,500,0,2000,0,1,1,1
ccfx-22-8,12,500,0,2000,0,1,1,1
ccfx-22-9,12,496,0,2000,4,1,0.992,0.996
ccfx-23-1,12,492,0,2000,8,1,0.984,0.9919
ccfx-23-2,12,492,0,2000,8,1,0.984,0.9919
ccfx-23-3,12,492,0,2000,8,1,0.984,0.9919
ccfx-23-4,12,492,0,2000,8,1,0.984,0.9919
ccfx-23-5,12,492,0,2000,8,1,0.984,0.9919
ccfx-23-6,12,492,0,2000,8,1,0.984,0.9919
ccfx-23-7,12,492,0,2000,8,1,0.984,0.9919
ccfx-23-8,12,492,0,2000,8,1,0.984,0.9919
ccfx-23-9,12,488,0,2000,12,1,0.976,0.9879
ccfx-24-1,12,492,0,2000,8,1,0.984,0.9919
ccfx-24-2,12,492,0,2000,8,1,0.984,0.9919
ccfx-24-3,12,492,0,2000,8,1,0.984,0.9919
ccfx-24-4,12,492,0,2000,8,1,0.984,0.9919
ccfx-24-5,12,492,0,2000,8,1,0.984,0.9919
ccfx-24-6,12,492,0,2000,8,1,0.984,0.9919
ccfx-24-7,12,492,0,2000,8,1,0.984,0.9919
ccfx-24-8,12,492,0,2000,8,1,0.984,0.9919
ccfx-24-9,12,488,0,2000,12,1,0.976,0.9879
ccfx-25-10,0,500,0,2000,0,1,1,1
ccfx-25-11,0,496,0,2000,4,1,0.992,0.996
ccfx-25-12,0,492,0,2000,8,1,0.984,0.9919
ccfx-25-1,12,486,0,2000,14,1,0.972,0.9858
ccfx-25-2,12,486,0,2000,14,1,0.972,0.9858
ccfx-25-3,12,486,0,2000,14,1,0.972,0.9858
ccfx-25-4,12,486,0,2000,14,1,0.972,0.9858
ccfx-25-5,12,486,0,2000,14,1,0.972,0.9858
ccfx-25-6,12,486,0,2000,14,1,0.972,0.9858
ccfx-25-7,12,486,0,2000,14,1,0.972,0.9858
ccfx-25-8,12,486,0,2000,14,1,0.972,0.9858
ccfx-25-9,12,480,0,2000,20,1,0.96,0.9796
ccfx-30-10,0,476,0,2000,24,1,0.952,0.9754
ccfx-30-11,0,472,0,2000,28,1,0.944,0.9712
ccfx-30-12,0,468,0,2000,32,1,0.936,0.9669
ccfx-30-1,12,436,0,2000,64,1,0.872,0.9316
ccfx-30-2,12,436,0,2000,64,1,0.872,0.9316
ccfx-30-3,12,436,0,2000,64,1,0.872,0.9316
ccfx-30-4,12,436,0,2000,64,1,0.872,0.9316
ccfx-30-5,12,436,0,2000,64,1,0.872,0.9316
ccfx-30-6,12,436,0,2000,64,1,0.872,0.9316
ccfx-30-7,12,436,0,2000,64,1,0.872,0.9316
ccfx-30-8,12,436,0,2000,64,1,0.872,0.9316
ccfx-30-9,12,424,0,2000,76,1,0.848,0.9177
ccfx-35-10,0,456,0,2000,44,1,0.912,0.954
ccfx-35-11,0,456,0,2000,44,1,0.912,0.954
ccfx-35-12,0,452,0,2000,48,1,0.904,0.9496
ccfx-35-1,12,420,0,2000,80,1,0.84,0.913
ccfx-35-2,12,420,0,2000,80,1,0.84,0.913
ccfx-35-3,12,420,0,2000,80,1,0.84,0.913
ccfx-35-4,12,420,0,2000,80,1,0.84,0.913
ccfx-35-5,12,420,0,2000,80,1,0.84,0.913
ccfx-35-6,12,420,0,2000,80,1,0.84,0.913
ccfx-35-7,12,420,0,2000,80,1,0.84,0.913
ccfx-35-8,12,420,0,2000,80,1,0.84,0.913
ccfx-35-9,12,420,0,2000,80,1,0.84,0.913
ccfx-40-10,0,450,0,2000,50,1,0.9,0.9474
ccfx-40-11,0,450,0,2000,50,1,0.9,0.9474
ccfx-40-12,0,450,0,2000,50,1,0.9,0.9474
ccfx-40-1,12,414,0,2000,86,1,0.828,0.9059
ccfx-40-2,12,414,0,2000,86,1,0.828,0.9059
ccfx-40-3,12,414,0,2000,86,1,0.828,0.9059
ccfx-40-4,12,414,0,2000,86,1,0.828,0.9059
ccfx-40-5,12,414,0,2000,86,1,0.828,0.9059
ccfx-40-6,12,414,0,2000,86,1,0.828,0.9059
ccfx-40-7,12,414,0,2000,86,1,0.828,0.9059
ccfx-40-8,12,414,0,2000,86,1,0.828,0.9059
ccfx-40-9,12,414,0,2000,86,1,0.828,0.9059
ccfx-45-10,0,438,0,2000,62,1,0.876,0.9339
ccfx-45-11,0,438,0,2000,62,1,0.876,0.9339
ccfx-45-12,0,438,0,2000,62,1,0.876,0.9339
ccfx-45-1,0,438,0,2000,62,1,0.876,0.9339
ccfx-45-2,0,438,0,2000,62,1,0.876,0.9339
ccfx-45-3,0,438,0,2000,62,1,0.876,0.9339
ccfx-45-4,0,438,0,2000,62,1,0.876,0.9339
ccfx-45-5,0,438,0,2000,62,1,0.876,0.9339
ccfx-45-6,0,438,0,2000,62,1,0.876,0.9339
ccfx-45-7,0,438,0,2000,62,1,0.876,0.9339
ccfx-45-8,0,438,0,2000,62,1,0.876,0.9339
ccfx-45-9,0,438,0,2000,62,1,0.876,0.9339
ccfx-50-10,0,436,0,2000,64,1,0.872,0.9316
ccfx-50-11,0,436,0,2000,64,1,0.872,0.9316
ccfx-50-12,0,436,0,2000,64,1,0.872,0.9316
ccfx-50-1,0,436,0,2000,64,1,0.872,0.9316
ccfx-50-2,0,436,0,2000,64,1,0.872,0.9316
ccfx-50-3,0,436,0,2000,64,1,0.872,0.9316
ccfx-50-4,0,436,0,2000,64,1,0.872,0.9316
ccfx-50-5,0,436,0,2000,64,1,0.872,0.9316
ccfx-50-6,0,436,0,2000,64,1,0.872,0.9316
ccfx-50-7,0,436,0,2000,64,1,0.872,0.9316
ccfx-50-8,0,436,0,2000,64,1,0.872,0.9316
ccfx-50-9,0,436,0,2000,64,1,0.872,0.9316
ccfx-5-10,31,488,8,1992,12,0.983870968,0.976,0.9799
ccfx-5-11,24,492,8,1992,8,0.984,0.984,0.984
ccfx-5-12,21,474,16,1984,26,0.967346939,0.948,0.9576
ccfx-5-1,67,500,0,2000,0,1,1,1
ccfx-5-2,67,500,0,2000,0,1,1,1
ccfx-5-3,67,500,0,2000,0,1,1,1
ccfx-5-4,67,500,0,2000,0,1,1,1
ccfx-5-5,65,500,0,2000,0,1,1,1
ccfx-5-6,53,500,0,2000,0,1,1,1
ccfx-5-7,44,500,0,2000,0,1,1,1
ccfx-5-8,37,500,0,2000,0,1,1,1
ccfx-5-9,33,492,0,2000,8,1,0.984,0.9919
deckard-30-0-0.95,9,500,0,2000,0,1,1,1
deckard-30-0-1.0,0,432,0,2000,68,1,0.864,0.927
deckard-30-2-0.95,17,500,0,2000,0,1,1,1
deckard-30-2-1.0,0,500,0,2000,0,1,1,1
deckard-50-0-0.95,0,500,0,2000,0,1,1,1
deckard-50-0-1.0,0,368,0,2000,132,1,0.736,0.8479
deckard-50-2-0.95,12,500,0,2000,0,1,1,1
deckard-50-2-1.0,0,460,0,2000,40,1,0.92,0.9583
diff,14,435,52,1948,65,0.893223819,0.87,0.8815
gzipncd-1,22,455,40,1960,45,0.919191919,0.91,0.9146
gzipncd-2,23,478,45,1955,22,0.913957935,0.956,0.9345
gzipncd-3,25,492,40,1960,8,0.92481203,0.984,0.9535
gzipncd-4,24,492,62,1938,8,0.888086643,0.984,0.9336
gzipncd-5,27,487,46,1954,13,0.91369606,0.974,0.9429
gzipncd-6,28,489,47,1953,11,0.912313433,0.978,0.944
gzipncd-7,28,490,55,1945,10,0.899082569,0.98,0.9378
gzipncd-8,29,488,51,1949,12,0.905380334,0.976,0.9394
gzipncd-9,29,497,56,1944,3,0.898734177,0.994,0.944
iclones-2-100,0,210,0,2000,290,1,0.42,0.5915
iclones-2-110,0,202,0,2000,298,1,0.404,0.5755
iclones-2-120,0,180,0,2000,320,1,0.36,0.5294
iclones-2-130,0,178,0,2000,322,1,0.356,0.5251
iclones-2-140,0,162,0,2000,338,1,0.324,0.4894
iclones-2-150,0,132,0,2000,368,1,0.264,0.4177
iclones-2-80,0,304,0,2000,196,1,0.608,0.7562
iclones-2-90,0,224,0,2000,276,1,0.448,0.6188
iclones-4-100,0,312,0,2000,188,1,0.624,0.7685
iclones-4-110,0,302,0,2000,198,1,0.604,0.7531
iclones-4-120,0,264,0,2000,236,1,0.528,0.6911
iclones-4-130,0,248,0,2000,252,1,0.496,0.6631
iclones-4-140,0,242,0,2000,258,1,0.484,0.6523
iclones-4-150,0,230,0,2000,270,1,0.46,0.6301
iclones-4-80,0,366,0,2000,134,1,0.732,0.8453
iclones-4-90,0,330,0,2000,170,1,0.66,0.7952
iclones-6-100,0,348,0,2000,152,1,0.696,0.8208
iclones-6-110,0,340,0,2000,160,1,0.68,0.8095
iclones-6-120,0,312,0,2000,188,1,0.624,0.7685
iclones-6-130,0,312,0,2000,188,1,0.624,0.7685
iclones-6-140,0,300,0,2000,200,1,0.6,0.75
iclones-6-150,0,272,0,2000,228,1,0.544,0.7047
iclones-6-80,0,424,0,2000,76,1,0.848,0.9177
iclones-6-90,0,348,0,2000,152,1,0.696,0.8208
iclones-8-100,0,390,0,2000,110,1,0.78,0.8764
iclones-8-110,0,372,0,2000,128,1,0.744,0.8532
iclones-8-120,0,352,0,2000,148,1,0.704,0.8263
iclones-8-130,0,342,0,2000,158,1,0.684,0.8124
iclones-8-140,0,338,0,2000,162,1,0.676,0.8067
iclones-8-150,0,256,0,2000,244,1,0.512,0.6772
iclones-8-80,0,406,0,2000,94,1,0.812,0.8962
iclones-8-90,0,390,0,2000,110,1,0.78,0.8764
inclusion_7zdcd-BZip2-1,56,398,61,1939,102,0.867102397,0.796,0.83
inclusion_7zdcd-BZip2-3,56,398,61,1939,102,0.867102397,0.796,0.83
inclusion_7zdcd-BZip2-5,56,398,61,1939,102,0.867102397,0.796,0.83
inclusion_7zdcd-BZip2-7,58,385,42,1958,115,0.901639344,0.77,0.8306
inclusion_7zdcd-BZip2-9,58,385,42,1958,115,0.901639344,0.77,0.8306
inclusion_7zdcd-Deflate-1,46,386,43,1957,114,0.8997669,0.772,0.831
inclusion_7zdcd-Deflate-3,46,386,43,1957,114,0.8997669,0.772,0.831
inclusion_7zdcd-Deflate-5,49,399,52,1948,101,0.884700665,0.798,0.8391
inclusion_7zdcd-Deflate64-1,46,386,43,1957,114,0.8997669,0.772,0.831
inclusion_7zdcd-Deflate64-3,46,386,43,1957,114,0.8997669,0.772,0.831
inclusion_7zdcd-Deflate64-5,49,399,50,1950,101,0.888641425,0.798,0.8409
inclusion_7zdcd-Deflate64-7,51,400,39,1961,100,0.911161731,0.8,0.852
inclusion_7zdcd-Deflate64-9,51,406,39,1961,94,0.912359551,0.812,0.8593
inclusion_7zdcd-Deflate-7,51,400,39,1961,100,0.911161731,0.8,0.852
inclusion_7zdcd-Deflate-9,51,407,39,1961,93,0.912556054,0.814,0.8605
inclusion_7zdcd-LZMA-1,49,393,44,1956,107,0.899313501,0.786,0.8388
inclusion_7zdcd-LZMA2-1,49,393,44,1956,107,0.899313501,0.786,0.8388
inclusion_7zdcd-LZMA2-3,49,393,44,1956,107,0.899313501,0.786,0.8388
inclusion_7zdcd-LZMA2-5,52,401,41,1959,99,0.907239819,0.802,0.8514
inclusion_7zdcd-LZMA2-7,53,408,41,1959,92,0.908685969,0.816,0.8599
inclusion_7zdcd-LZMA2-9,53,408,41,1959,92,0.908685969,0.816,0.8599
inclusion_7zdcd-LZMA-3,49,393,44,1956,107,0.899313501,0.786,0.8388
inclusion_7zdcd-LZMA-5,52,401,41,1959,99,0.907239819,0.802,0.8514
inclusion_7zdcd-LZMA-7,53,408,41,1959,92,0.908685969,0.816,0.8599
inclusion_7zdcd-LZMA-9,53,408,41,1959,92,0.908685969,0.816,0.8599
inclusion_7zdcd-PPMd-1,45,352,100,1900,148,0.778761062,0.704,0.7395
inclusion_7zdcd-PPMd-3,45,352,100,1900,148,0.778761062,0.704,0.7395
inclusion_7zdcd-PPMd-5,41,461,203,1797,39,0.694277108,0.922,0.7921
inclusion_7zdcd-PPMd-7,45,466,173,1827,34,0.729264476,0.932,0.8183
inclusion_7zdcd-PPMd-9,57,404,39,1961,96,0.911963883,0.808,0.8568
jplag-java-10,21,500,0,2000,0,1,1,1
jplag-java-11,21,500,0,2000,0,1,1,1
jplag-java-12,21,500,0,2000,0,1,1,1
jplag-java-1,83,468,32,1968,32,0.936,0.936,0.936
jplag-java-2,75,468,0,2000,32,1,0.936,0.9669
jplag-java-3,68,468,0,2000,32,1,0.936,0.9669
jplag-java-4,55,500,8,1992,0,0.984251969,1,0.9921
jplag-java-5,47,500,0,2000,0,1,1,1
jplag-java-6,35,500,0,2000,0,1,1,1
jplag-java-7,30,500,0,2000,0,1,1,1
jplag-java-8,28,500,0,2000,0,1,1,1
jplag-java-9,25,500,0,2000,0,1,1,1
jplag-text-10,6,448,0,2000,52,1,0.896,0.9451
jplag-text-11,3,452,8,1992,48,0.982608696,0.904,0.9417
jplag-text-12,3,452,0,2000,48,1,0.904,0.9496
jplag-text-1,58,476,16,1984,24,0.967479675,0.952,0.9597
jplag-text-2,40,500,16,1984,0,0.968992248,1,0.9843
jplag-text-3,30,500,24,1976,0,0.954198473,1,0.9766
jplag-text-4,24,494,16,1984,6,0.968627451,0.988,0.9782
jplag-text-5,18,500,32,1968,0,0.939849624,1,0.969
jplag-text-6,9,500,50,1950,0,0.909090909,1,0.9524
jplag-text-7,12,468,16,1984,32,0.966942149,0.936,0.9512
jplag-text-8,10,468,8,1992,32,0.983193277,0.936,0.959
jplag-text-9,8,476,8,1992,24,0.983471074,0.952,0.9675
ncd-bzlib,37,486,46,1954,14,0.913533835,0.972,0.9419
ncd-zlib,28,495,50,1950,5,0.908256881,0.99,0.9474
nicad-0.0,0,196,0,2000,304,1,0.392,0.5632
nicad-0.1,0,234,0,2000,266,1,0.468,0.6376
nicad-0.2,0,290,0,2000,210,1,0.58,0.7342
nicad-0.3,0,344,0,2000,156,1,0.688,0.8152
nicad-0.4,11,338,16,1984,162,0.95480226,0.676,0.7916
nicad-0.5,18,380,4,1996,120,0.989583333,0.76,0.8597
nicad-0.6,57,344,3,1997,156,0.991354467,0.688,0.8123
nicad-0.7,79,352,12,1988,148,0.967032967,0.704,0.8148
nicad-0.8,95,200,116,1884,300,0.632911392,0.4,0.4902
nicad-0.9,83,440,1418,582,60,0.236813778,0.88,0.3732
nicad-abstractconditions,0,308,0,2000,192,1,0.616,0.7624
nicad-abstractexpressions,0,424,0,2000,76,1,0.848,0.9177
nicad-blindrename,15,476,40,1960,24,0.92248062,0.952,0.937
nicad-consistentrename,5,452,32,1968,48,0.933884298,0.904,0.9187
nicad-filterdeclarations,0,340,0,2000,160,1,0.68,0.8095
nicad-metrics,18,380,4,1996,120,0.989583333,0.76,0.8597
nicad-type1,0,196,0,2000,304,1,0.392,0.5632
nicad-type2c,0,372,0,2000,128,1,0.744,0.8532
nicad-type2,0,400,0,2000,100,1,0.8,0.8889
nicad-type3-1,0,344,0,2000,156,1,0.688,0.8152
nicad-type3-2c,5,452,32,1968,48,0.933884298,0.904,0.9187
nicad-type3-2,15,476,40,1960,24,0.92248062,0.952,0.937
plaggie-10,22,500,4,1996,0,0.992063492,1,0.996
plaggie-11,18,500,4,1996,0,0.992063492,1,0.996
plaggie-12,18,496,4,1996,4,0.992,0.992,0.992
plaggie-13,18,496,4,1996,4,0.992,0.992,0.992
plaggie-14,14,494,12,1988,6,0.976284585,0.988,0.9821
plaggie-1,96,312,68,1932,188,0.821052632,0.624,0.7091
plaggie-2,82,444,108,1892,56,0.804347826,0.888,0.8441
plaggie-3,76,464,8,1992,36,0.983050847,0.928,0.9547
plaggie-4,67,472,0,2000,28,1,0.944,0.9712
plaggie-5,54,484,0,2000,16,1,0.968,0.9837
plaggie-6,42,496,4,1996,4,0.992,0.992,0.992
plaggie-7,35,496,4,1996,4,0.992,0.992,0.992
plaggie-8,28,500,4,1996,0,0.992063492,1,0.996
plaggie-9,29,500,0,2000,0,1,1,1
py-difflib.SM_autojunk,26,427,16,1984,73,0.963882619,0.854,0.9056
py-difflib.SM_noautojunk,39,420,24,1976,80,0.945945946,0.84,0.8898
py-difflib.SM_nowhitespace_autojunk,26,409,10,1990,91,0.976133652,0.818,0.8901
py-difflib.SM_nowhitespace_noautojunk,34,372,12,1988,128,0.96875,0.744,0.8416
py-fuzzywuzzy.partial_ratio,33,430,0,2000,70,1,0.86,0.9247
py-fuzzywuzzy.partial_token_sort_ratio,25,382,0,2000,118,1,0.764,0.8662
py-fuzzywuzzy.ratio,26,427,16,1984,73,0.963882619,0.854,0.9056
py-fuzzywuzzy.token_set_ratio,90,472,0,2000,28,1,0.944,0.9712
py-fuzzywuzzy.token_sort_ratio,9,430,57,1943,70,0.882956879,0.86,0.8713
py-jellyfish.jaro_distance,81,380,116,1884,120,0.766129032,0.76,0.7631
py-jellyfish.jaro_winkler,89,354,38,1962,146,0.903061224,0.708,0.7937
py-ngram.compare,61,444,32,1968,56,0.932773109,0.888,0.9098
py-sklearn.cosine_similarity,63,500,98,1902,0,0.836120401,1,0.9107
sherlock1-1-0,69,500,12,1988,0,0.9765625,1,0.9881
sherlock1-1-1,60,496,16,1984,4,0.96875,0.992,0.9802
sherlock1-1-2,73,408,0,2000,92,1,0.816,0.8987
sherlock1-1-3,83,396,0,2000,104,1,0.792,0.8839
sherlock1-1-4,78,368,40,1960,132,0.901960784,0.736,0.8106
sherlock1-1-5,88,282,0,2000,218,1,0.564,0.7212
sherlock1-1-6,42,144,210,1790,356,0.406779661,0.288,0.3372
sherlock1-1-7,0,25,0,2000,475,1,0.05,0.0952
sherlock1-1-8,0,9,0,2000,491,1,0.018,0.0354
sherlock1-2-0,41,500,8,1992,0,0.984251969,1,0.9921
sherlock1-2-1,43,500,0,2000,0,1,1,1
sherlock1-2-2,46,476,0,2000,24,1,0.952,0.9754
sherlock1-2-3,47,500,0,2000,0,1,1,1
sherlock1-2-4,38,500,0,2000,0,1,1,1
sherlock1-2-5,45,480,60,1940,20,0.888888889,0.96,0.9231
sherlock1-2-6,39,372,170,1830,128,0.686346863,0.744,0.714
sherlock1-2-7,31,380,638,1362,120,0.373280943,0.76,0.5007
sherlock1-2-8,46,298,522,1478,202,0.363414634,0.596,0.4515
sherlock1-3-0,25,492,0,2000,8,1,0.984,0.9919
sherlock1-3-1,18,500,16,1984,0,0.968992248,1,0.9843
sherlock1-3-2,17,496,16,1984,4,0.96875,0.992,0.9802
sherlock1-3-3,25,472,0,2000,28,1,0.944,0.9712
sherlock1-3-4,21,480,18,1982,20,0.963855422,0.96,0.9619
sherlock1-3-5,24,468,16,1984,32,0.966942149,0.936,0.9512
sherlock1-3-6,26,436,26,1974,64,0.943722944,0.872,0.9064
sherlock1-3-7,16,448,52,1948,52,0.896,0.896,0.896
sherlock1-3-8,33,279,32,1968,221,0.897106109,0.558,0.688
sherlock1-4-0,13,500,16,1984,0,0.968992248,1,0.9843
sherlock1-4-1,15,498,8,1992,2,0.984189723,0.996,0.9901
sherlock1-4-2,14,500,0,2000,0,1,1,1
sherlock1-4-3,12,500,0,2000,0,1,1,1
sherlock1-4-4,16,488,8,1992,12,0.983870968,0.976,0.9799
sherlock1-4-5,6,464,0,2000,36,1,0.928,0.9627
sherlock1-4-6,8,436,6,1994,64,0.986425339,0.872,0.9257
sherlock1-4-7,0,353,0,2000,147,1,0.706,0.8277
sherlock1-4-8,0,321,0,2000,179,1,0.642,0.782
sherlock1-5-0,9,500,16,1984,0,0.968992248,1,0.9843
sherlock1-5-1,9,500,20,1980,0,0.961538462,1,0.9804
sherlock1-5-2,12,458,26,1974,42,0.946280992,0.916,0.9309
sherlock1-5-3,12,462,20,1980,38,0.958506224,0.924,0.9409
sherlock1-5-4,8,496,6,1994,4,0.988047809,0.992,0.99
sherlock1-5-5,10,488,54,1946,12,0.900369004,0.976,0.9367
sherlock1-5-6,12,392,58,1942,108,0.871111111,0.784,0.8253
sherlock1-5-7,4,404,78,1922,96,0.838174274,0.808,0.8228
sherlock1-5-8,10,194,6,1994,306,0.97,0.388,0.5543
sherlock1-6-0,7,494,8,1992,6,0.984063745,0.988,0.986
sherlock1-6-1,5,500,0,2000,0,1,1,1
sherlock1-6-2,5,500,0,2000,0,1,1,1
sherlock1-6-3,4,500,0,2000,0,1,1,1
sherlock1-6-4,5,500,0,2000,0,1,1,1
sherlock1-6-5,6,452,0,2000,48,1,0.904,0.9496
sherlock1-6-6,5,448,32,1968,52,0.933333333,0.896,0.9143
sherlock1-6-7,8,351,50,1950,149,0.875311721,0.702,0.7791
sherlock1-6-8,0,229,8,1992,271,0.966244726,0.458,0.6214
sherlock1-7-0,4,500,12,1988,0,0.9765625,1,0.9881
sherlock1-7-1,4,500,28,1972,0,0.946969697,1,0.9728
sherlock1-7-2,5,482,26,1974,18,0.948818898,0.964,0.9563
sherlock1-7-3,6,488,16,1984,12,0.968253968,0.976,0.9721
sherlock1-7-4,6,500,126,1874,0,0.798722045,1,0.8881
sherlock1-7-5,3,460,0,2000,40,1,0.92,0.9583
sherlock1-7-6,6,448,0,2000,52,1,0.896,0.9451
sherlock1-7-7,0,452,26,1974,48,0.945606695,0.904,0.9243
sherlock1-7-8,0,404,18,1982,96,0.957345972,0.808,0.8764
sherlock1-8-0,3,476,0,2000,24,1,0.952,0.9754
sherlock1-8-1,3,476,0,2000,24,1,0.952,0.9754
sherlock1-8-2,3,496,44,1956,4,0.918518519,0.992,0.9538
sherlock1-8-3,2,492,0,2000,8,1,0.984,0.9919
sherlock1-8-4,0,500,0,2000,0,1,1,1
sherlock1-8-5,1,444,0,2000,56,1,0.888,0.9407
sherlock1-8-6,0,356,0,2000,144,1,0.712,0.8318
sherlock1-8-7,0,332,0,2000,168,1,0.664,0.7981
sherlock1-8-8,0,271,0,2000,229,1,0.542,0.703
simian-10,0,232,0,2000,268,1,0.464,0.6339
simian-10-ignoreCharacters,0,232,0,2000,268,1,0.464,0.6339
simian-10-ignoreIdentifiers,0,428,0,2000,72,1,0.856,0.9224
simian-10-ignoreLiterals,0,232,0,2000,268,1,0.464,0.6339
simian-10-ignoreVariableNames,0,388,0,2000,112,1,0.776,0.8739
simian-2,7,476,29,1971,24,0.942574257,0.952,0.9473
simian-2-ignoreCharacters,7,476,29,1971,24,0.942574257,0.952,0.9473
simian-2-ignoreIdentifiers,43,500,2,1998,0,0.996015936,1,0.998
simian-2-ignoreLiterals,7,500,29,1971,0,0.945179584,1,0.9718
simian-2-ignoreVariableNames,38,470,10,1990,30,0.979166667,0.94,0.9592
simian-3,2,476,57,1943,24,0.893058161,0.952,0.9216
simian-3-ignoreCharacters,2,476,57,1943,24,0.893058161,0.952,0.9216
simian-3-ignoreIdentifiers,33,494,0,2000,6,1,0.988,0.994
simian-3-ignoreLiterals,2,500,57,1943,0,0.897666068,1,0.9461
simian-3-ignoreVariableNames,30,472,4,1996,28,0.991596639,0.944,0.9672
simian-4,0,428,0,2000,72,1,0.856,0.9224
simian-4-ignoreCharacters,0,428,0,2000,72,1,0.856,0.9224
simian-4-ignoreIdentifiers,15,500,4,1996,0,0.992063492,1,0.996
simian-4-ignoreLiterals,0,444,0,2000,56,1,0.888,0.9407
simian-4-ignoreVariableNames,15,488,4,1996,12,0.991869919,0.976,0.9839
simian-5,0,364,0,2000,136,1,0.728,0.8426
simian-5-ignoreCharacters,0,364,0,2000,136,1,0.728,0.8426
simian-5-ignoreIdentifiers,13,500,0,2000,0,1,1,1
simian-5-ignoreLiterals,0,404,0,2000,96,1,0.808,0.8938
simian-5-ignoreVariableNames,4,500,8,1992,0,0.984251969,1,0.9921
simian-6,0,356,0,2000,144,1,0.712,0.8318
simian-6-ignoreCharacters,0,356,0,2000,144,1,0.712,0.8318
simian-6-ignoreIdentifiers,3,500,8,1992,0,0.984251969,1,0.9921
simian-6-ignoreLiterals,0,396,0,2000,104,1,0.792,0.8839
simian-6-ignoreVariableNames,3,500,8,1992,0,0.984251969,1,0.9921
simian-7,0,318,0,2000,182,1,0.636,0.7775
simian-7-ignoreCharacters,0,318,0,2000,182,1,0.636,0.7775
simian-7-ignoreIdentifiers,0,468,0,2000,32,1,0.936,0.9669
simian-7-ignoreLiterals,0,358,0,2000,142,1,0.716,0.8345
simian-7-ignoreVariableNames,0,468,0,2000,32,1,0.936,0.9669
simian-8,0,268,0,2000,232,1,0.536,0.6979
simian-8-ignoreCharacters,0,268,0,2000,232,1,0.536,0.6979
simian-8-ignoreIdentifiers,0,468,0,2000,32,1,0.936,0.9669
simian-8-ignoreLiterals,0,308,0,2000,192,1,0.616,0.7624
simian-8-ignoreVariableNames,0,468,0,2000,32,1,0.936,0.9669
simian-9,0,242,0,2000,258,1,0.484,0.6523
simian-9-ignoreCharacters,0,242,0,2000,258,1,0.484,0.6523
simian-9-ignoreIdentifiers,0,468,0,2000,32,1,0.936,0.9669
simian-9-ignoreLiterals,0,242,0,2000,258,1,0.484,0.6523
simian-9-ignoreVariableNames,0,428,0,2000,72,1,0.856,0.9224
simjava-10,46,500,0,2000,0,1,1,1
simjava-11,42,500,0,2000,0,1,1,1
simjava-12,38,500,0,2000,0,1,1,1
simjava-13,36,500,0,2000,0,1,1,1
simjava-14,33,500,0,2000,0,1,1,1
simjava-15,33,500,0,2000,0,1,1,1
simjava-16,30,500,0,2000,0,1,1,1
simjava-17,30,500,0,2000,0,1,1,1
simjava-18,27,500,0,2000,0,1,1,1
simjava-19,23,500,0,2000,0,1,1,1
simjava-20,19,500,0,2000,0,1,1,1
simjava-21,19,500,0,2000,0,1,1,1
simjava-22,19,500,0,2000,0,1,1,1
simjava-23,19,500,0,2000,0,1,1,1
simjava-24,19,500,0,2000,0,1,1,1
simjava-25,19,500,0,2000,0,1,1,1
simjava-26,19,500,0,2000,0,1,1,1
simjava-27,19,500,0,2000,0,1,1,1
simjava-28,13,500,0,2000,0,1,1,1
simtext-10,13,476,0,2000,24,1,0.952,0.9754
simtext-11,0,444,0,2000,56,1,0.888,0.9407
simtext-12,0,404,0,2000,96,1,0.808,0.8938
simtext-4,53,492,26,1974,8,0.94980695,0.984,0.9666
simtext-5,46,500,26,1974,0,0.950570342,1,0.9747
simtext-6,39,452,8,1992,48,0.982608696,0.904,0.9417
simtext-7,12,500,58,1942,0,0.896057348,1,0.9452
simtext-8,12,500,26,1974,0,0.950570342,1,0.9747
simtext-9,23,476,0,2000,24,1,0.952,0.9754