tool,T,tp,fp,tn,fn,precision,recall,f1
7zncd-BZip2-1,40,460,106,1894,40,0.812720848,0.92,0.8630394
7zncd-BZip2-3,40,460,106,1894,40,0.812720848,0.92,0.8630394
7zncd-BZip2-5,40,460,106,1894,40,0.812720848,0.92,0.8630394
7zncd-BZip2-7,40,458,110,1890,42,0.806338028,0.916,0.857677903
7zncd-BZip2-9,40,458,110,1890,42,0.806338028,0.916,0.857677903
7zncd-default,38,439,67,1933,61,0.867588933,0.878,0.872763419
7zncd-Deflate-1,34,419,60,1940,81,0.87473904,0.838,0.855975485
7zncd-Deflate-3,34,419,60,1940,81,0.87473904,0.838,0.855975485
7zncd-Deflate-5,36,427,58,1942,73,0.880412371,0.854,0.867005076
7zncd-Deflate-7,37,427,52,1948,73,0.891440501,0.854,0.872318693
7zncd-Deflate-9,37,427,52,1948,73,0.891440501,0.854,0.872318693
7zncd-Deflate64-1,34,419,60,1940,81,0.87473904,0.838,0.855975485
7zncd-Deflate64-3,34,419,60,1940,81,0.87473904,0.838,0.855975485
7zncd-Deflate64-5,36,428,58,1942,72,0.880658436,0.856,0.868154158
7zncd-Deflate64-7,37,426,52,1948,74,0.891213389,0.852,0.871165644
7zncd-Deflate64-9,37,427,52,1948,73,0.891440501,0.854,0.872318693
7zncd-LZMA-1,37,431,56,1944,69,0.885010267,0.862,0.873353597
7zncd-LZMA-3,37,431,56,1944,69,0.885010267,0.862,0.873353597
7zncd-LZMA-5,38,439,67,1933,61,0.867588933,0.878,0.872763419
7zncd-LZMA-7,39,436,56,1944,64,0.886178862,0.872,0.879032258
7zncd-LZMA-9,39,436,56,1944,64,0.886178862,0.872,0.879032258
7zncd-LZMA2-1,37,431,64,1936,69,0.870707071,0.862,0.866331658
7zncd-LZMA2-3,37,431,64,1936,69,0.870707071,0.862,0.866331658
7zncd-LZMA2-5,38,439,67,1933,61,0.867588933,0.878,0.872763419
7zncd-LZMA2-7,39,437,56,1944,63,0.886409736,0.874,0.880161128
7zncd-LZMA2-9,39,437,56,1944,63,0.886409736,0.874,0.880161128
7zncd-PPMd-1,37,421,52,1948,79,0.890063425,0.842,0.865364851
7zncd-PPMd-3,37,421,52,1948,79,0.890063425,0.842,0.865364851
7zncd-PPMd-5,39,421,52,1948,79,0.890063425,0.842,0.865364851
7zncd-PPMd-7,41,435,58,1942,65,0.882352941,0.87,0.876132931
7zncd-PPMd-9,42,431,52,1948,69,0.892339545,0.862,0.876907426
bsdiff,71,351,28,1972,149,0.926121372,0.702,0.798634812
bzip2ncd-1,35,460,90,1910,40,0.836363636,0.92,0.876190476
bzip2ncd-2,35,460,90,1910,40,0.836363636,0.92,0.876190476
bzip2ncd-3,35,460,90,1910,40,0.836363636,0.92,0.876190476
bzip2ncd-4,35,460,90,1910,40,0.836363636,0.92,0.876190476
bzip2ncd-5,35,460,90,1910,40,0.836363636,0.92,0.876190476
bzip2ncd-6,35,460,90,1910,40,0.836363636,0.92,0.876190476
bzip2ncd-7,35,460,90,1910,40,0.836363636,0.92,0.876190476
bzip2ncd-8,35,460,90,1910,40,0.836363636,0.92,0.876190476
bzip2ncd-9,35,460,90,1910,40,0.836363636,0.92,0.876190476
ccfx-10-10,27,400,0,2000,100,1,0.8,0.888888889
ccfx-10-11,23,400,8,1992,100,0.980392157,0.8,0.881057269
ccfx-10-12,14,424,24,1976,76,0.946428571,0.848,0.894514768
ccfx-10-1,27,476,8,1992,24,0.983471074,0.952,0.967479675
ccfx-10-2,27,476,8,1992,24,0.983471074,0.952,0.967479675
ccfx-10-3,27,476,8,1992,24,0.983471074,0.952,0.967479675
ccfx-10-4,27,476,8,1992,24,0.983471074,0.952,0.967479675
ccfx-10-5,27,476,8,1992,24,0.983471074,0.952,0.967479675
ccfx-10-6,27,460,8,1992,40,0.982905983,0.92,0.950413223
ccfx-10-7,27,456,8,1992,44,0.982758621,0.912,0.946058091
ccfx-10-8,25,428,8,1992,72,0.981651376,0.856,0.914529915
ccfx-10-9,25,416,8,1992,84,0.981132075,0.832,0.9004329
ccfx-15-10,20,400,0,2000,100,1,0.8,0.888888889
ccfx-15-11,20,400,0,2000,100,1,0.8,0.888888889
ccfx-15-12,13,420,0,2000,80,1,0.84,0.913043478
ccfx-15-1,20,460,0,2000,40,1,0.92,0.958333333
ccfx-15-2,20,460,0,2000,40,1,0.92,0.958333333
ccfx-15-3,20,460,0,2000,40,1,0.92,0.958333333
ccfx-15-4,20,460,0,2000,40,1,0.92,0.958333333
ccfx-15-5,20,460,0,2000,40,1,0.92,0.958333333
ccfx-15-6,20,460,0,2000,40,1,0.92,0.958333333
ccfx-15-7,20,448,0,2000,52,1,0.896,0.945147679
ccfx-15-8,20,440,0,2000,60,1,0.88,0.936170213
ccfx-15-9,20,440,0,2000,60,1,0.88,0.936170213
ccfx-16-1,13,494,8,1992,6,0.984063745,0.988,0.986027944
ccfx-16-2,13,494,8,1992,6,0.984063745,0.988,0.986027944
ccfx-16-3,13,494,8,1992,6,0.984063745,0.988,0.986027944
ccfx-16-4,13,494,8,1992,6,0.984063745,0.988,0.986027944
ccfx-16-5,13,494,8,1992,6,0.984063745,0.988,0.986027944
ccfx-16-6,13,494,8,1992,6,0.984063745,0.988,0.986027944
ccfx-16-7,13,494,8,1992,6,0.984063745,0.988,0.986027944
ccfx-16-8,13,494,8,1992,6,0.984063745,0.988,0.986027944
ccfx-16-9,13,478,8,1992,22,0.983539095,0.956,0.969574037
ccfx-17-1,13,494,0,2000,6,1,0.988,0.993963783
ccfx-17-2,13,494,0,2000,6,1,0.988,0.993963783
ccfx-17-3,13,494,0,2000,6,1,0.988,0.993963783
ccfx-17-4,13,494,0,2000,6,1,0.988,0.993963783
ccfx-17-5,13,494,0,2000,6,1,0.988,0.993963783
ccfx-17-6,13,494,0,2000,6,1,0.988,0.993963783
ccfx-17-7,13,494,0,2000,6,1,0.988,0.993963783
ccfx-17-8,13,470,0,2000,30,1,0.94,0.969072165
ccfx-17-9,13,446,0,2000,54,1,0.892,0.942917548
ccfx-18-1,6,496,0,2000,4,1,0.992,0.995983936
ccfx-18-2,6,496,0,2000,4,1,0.992,0.995983936
ccfx-18-3,6,496,0,2000,4,1,0.992,0.995983936
ccfx-18-4,6,496,0,2000,4,1,0.992,0.995983936
ccfx-18-5,6,496,0,2000,4,1,0.992,0.995983936
ccfx-18-6,6,496,0,2000,4,1,0.992,0.995983936
ccfx-18-7,6,496,0,2000,4,1,0.992,0.995983936
ccfx-18-8,6,496,0,2000,4,1,0.992,0.995983936
ccfx-18-9,6,480,0,2000,20,1,0.96,0.979591837
ccfx-19-1,6,496,0,2000,4,1,0.992,0.995983936
ccfx-19-2,6,496,0,2000,4,1,0.992,0.995983936
ccfx-19-3,6,496,0,2000,4,1,0.992,0.995983936
ccfx-19-4,6,496,0,2000,4,1,0.992,0.995983936
ccfx-19-5,6,496,0,2000,4,1,0.992,0.995983936
ccfx-19-6,6,496,0,2000,4,1,0.992,0.995983936
ccfx-19-7,6,496,0,2000,4,1,0.992,0.995983936
ccfx-19-8,6,496,0,2000,4,1,0.992,0.995983936
ccfx-19-9,6,480,0,2000,20,1,0.96,0.979591837
ccfx-20-10,6,462,0,2000,38,1,0.924,0.96049896
ccfx-20-11,6,462,0,2000,38,1,0.924,0.96049896
ccfx-20-12,6,444,0,2000,56,1,0.888,0.940677966
ccfx-20-1,6,492,0,2000,8,1,0.984,0.991935484
ccfx-20-2,6,492,0,2000,8,1,0.984,0.991935484
ccfx-20-3,6,492,0,2000,8,1,0.984,0.991935484
ccfx-20-4,6,492,0,2000,8,1,0.984,0.991935484
ccfx-20-5,6,492,0,2000,8,1,0.984,0.991935484
ccfx-20-6,6,492,0,2000,8,1,0.984,0.991935484
ccfx-20-7,6,492,0,2000,8,1,0.984,0.991935484
ccfx-20-8,6,492,0,2000,8,1,0.984,0.991935484
ccfx-20-9,6,476,0,2000,24,1,0.952,0.975409836
ccfx-21-1,6,492,0,2000,8,1,0.984,0.991935484
ccfx-21-2,6,492,0,2000,8,1,0.984,0.991935484
ccfx-21-3,6,492,0,2000,8,1,0.984,0.991935484
ccfx-21-4,6,492,0,2000,8,1,0.984,0.991935484
ccfx-21-5,6,492,0,2000,8,1,0.984,0.991935484
ccfx-21-6,6,492,0,2000,8,1,0.984,0.991935484
ccfx-21-7,6,492,0,2000,8,1,0.984,0.991935484
ccfx-21-8,6,492,0,2000,8,1,0.984,0.991935484
ccfx-21-9,6,476,0,2000,24,1,0.952,0.975409836
ccfx-22-1,4,496,0,2000,4,1,0.992,0.995983936
ccfx-22-2,4,496,0,2000,4,1,0.992,0.995983936
ccfx-22-3,4,496,0,2000,4,1,0.992,0.995983936
ccfx-22-4,4,496,0,2000,4,1,0.992,0.995983936
ccfx-22-5,4,496,0,2000,4,1,0.992,0.995983936
ccfx-22-6,4,496,0,2000,4,1,0.992,0.995983936
ccfx-22-7,4,496,0,2000,4,1,0.992,0.995983936
ccfx-22-8,4,488,0,2000,12,1,0.976,0.987854251
ccfx-22-9,4,472,0,2000,28,1,0.944,0.971193416
ccfx-23-1,4,496,0,2000,4,1,0.992,0.995983936
ccfx-23-2,4,496,0,2000,4,1,0.992,0.995983936
ccfx-23-3,4,496,0,2000,4,1,0.992,0.995983936
ccfx-23-4,4,496,0,2000,4,1,0.992,0.995983936
ccfx-23-5,4,496,0,2000,4,1,0.992,0.995983936
ccfx-23-6,4,496,0,2000,4,1,0.992,0.995983936
ccfx-23-7,4,496,0,2000,4,1,0.992,0.995983936
ccfx-23-8,3,496,12,1988,4,0.976377953,0.992,0.984126984
ccfx-23-9,3,480,12,1988,20,0.975609756,0.96,0.967741935
ccfx-24-1,4,496,0,2000,4,1,0.992,0.995983936
ccfx-24-2,4,496,0,2000,4,1,0.992,0.995983936
ccfx-24-3,4,496,0,2000,4,1,0.992,0.995983936
ccfx-24-4,4,496,0,2000,4,1,0.992,0.995983936
ccfx-24-5,4,496,0,2000,4,1,0.992,0.995983936
ccfx-24-6,4,496,0,2000,4,1,0.992,0.995983936
ccfx-24-7,4,496,0,2000,4,1,0.992,0.995983936
ccfx-24-8,3,496,12,1988,4,0.976377953,0.992,0.984126984
ccfx-24-9,3,480,12,1988,20,0.975609756,0.96,0.967741935
ccfx-25-10,3,466,12,1988,34,0.974895397,0.932,0.952965235
ccfx-25-11,3,466,12,1988,34,0.974895397,0.932,0.952965235
ccfx-25-12,3,464,12,1988,36,0.974789916,0.928,0.950819672
ccfx-25-1,3,496,12,1988,4,0.976377953,0.992,0.984126984
ccfx-25-2,3,496,12,1988,4,0.976377953,0.992,0.984126984
ccfx-25-3,3,496,12,1988,4,0.976377953,0.992,0.984126984
ccfx-25-4,3,496,12,1988,4,0.976377953,0.992,0.984126984
ccfx-25-5,3,496,12,1988,4,0.976377953,0.992,0.984126984
ccfx-25-6,3,496,12,1988,4,0.976377953,0.992,0.984126984
ccfx-25-7,3,496,12,1988,4,0.976377953,0.992,0.984126984
ccfx-25-8,3,496,12,1988,4,0.976377953,0.992,0.984126984
ccfx-25-9,3,480,12,1988,20,0.975609756,0.96,0.967741935
ccfx-30-10,0,434,0,2000,66,1,0.868,0.929336188
ccfx-30-11,0,434,0,2000,66,1,0.868,0.929336188
ccfx-30-12,0,432,0,2000,68,1,0.864,0.927038627
ccfx-30-1,0,448,0,2000,52,1,0.896,0.945147679
ccfx-30-2,0,448,0,2000,52,1,0.896,0.945147679
ccfx-30-3,0,448,0,2000,52,1,0.896,0.945147679
ccfx-30-4,0,448,0,2000,52,1,0.896,0.945147679
ccfx-30-5,0,448,0,2000,52,1,0.896,0.945147679
ccfx-30-6,0,448,0,2000,52,1,0.896,0.945147679
ccfx-30-7,0,448,0,2000,52,1,0.896,0.945147679
ccfx-30-8,0,448,0,2000,52,1,0.896,0.945147679
ccfx-30-9,0,448,0,2000,52,1,0.896,0.945147679
ccfx-35-10,0,382,0,2000,118,1,0.764,0.866213152
ccfx-35-11,0,382,0,2000,118,1,0.764,0.866213152
ccfx-35-12,0,380,0,2000,120,1,0.76,0.863636364
ccfx-35-1,0,396,0,2000,104,1,0.792,0.883928571
ccfx-35-2,0,396,0,2000,104,1,0.792,0.883928571
ccfx-35-3,0,396,0,2000,104,1,0.792,0.883928571
ccfx-35-4,0,396,0,2000,104,1,0.792,0.883928571
ccfx-35-5,0,396,0,2000,104,1,0.792,0.883928571
ccfx-35-6,0,396,0,2000,104,1,0.792,0.883928571
ccfx-35-7,0,396,0,2000,104,1,0.792,0.883928571
ccfx-35-8,0,396,0,2000,104,1,0.792,0.883928571
ccfx-35-9,0,396,0,2000,104,1,0.792,0.883928571
ccfx-40-10,0,382,0,2000,118,1,0.764,0.866213152
ccfx-40-11,0,382,0,2000,118,1,0.764,0.866213152
ccfx-40-12,0,380,0,2000,120,1,0.76,0.863636364
ccfx-40-1,0,388,0,2000,112,1,0.776,0.873873874
ccfx-40-2,0,388,0,2000,112,1,0.776,0.873873874
ccfx-40-3,0,388,0,2000,112,1,0.776,0.873873874
ccfx-40-4,0,388,0,2000,112,1,0.776,0.873873874
ccfx-40-5,0,388,0,2000,112,1,0.776,0.873873874
ccfx-40-6,0,388,0,2000,112,1,0.776,0.873873874
ccfx-40-7,0,388,0,2000,112,1,0.776,0.873873874
ccfx-40-8,0,388,0,2000,112,1,0.776,0.873873874
ccfx-40-9,0,388,0,2000,112,1,0.776,0.873873874
ccfx-45-10,0,370,0,2000,130,1,0.74,0.850574713
ccfx-45-11,0,362,0,2000,138,1,0.724,0.839907193
ccfx-45-12,0,360,0,2000,140,1,0.72,0.837209302
ccfx-45-1,0,380,0,2000,120,1,0.76,0.863636364
ccfx-45-2,0,380,0,2000,120,1,0.76,0.863636364
ccfx-45-3,0,380,0,2000,120,1,0.76,0.863636364
ccfx-45-4,0,380,0,2000,120,1,0.76,0.863636364
ccfx-45-5,0,380,0,2000,120,1,0.76,0.863636364
ccfx-45-6,0,380,0,2000,120,1,0.76,0.863636364
ccfx-45-7,0,380,0,2000,120,1,0.76,0.863636364
ccfx-45-8,0,380,0,2000,120,1,0.76,0.863636364
ccfx-45-9,0,380,0,2000,120,1,0.76,0.863636364
ccfx-50-10,0,364,0,2000,136,1,0.728,0.842592593
ccfx-50-11,0,356,0,2000,144,1,0.712,0.831775701
ccfx-50-12,0,352,0,2000,148,1,0.704,0.82629108
ccfx-50-1,0,376,0,2000,124,1,0.752,0.858447489
ccfx-50-2,0,376,0,2000,124,1,0.752,0.858447489
ccfx-50-3,0,376,0,2000,124,1,0.752,0.858447489
ccfx-50-4,0,376,0,2000,124,1,0.752,0.858447489
ccfx-50-5,0,376,0,2000,124,1,0.752,0.858447489
ccfx-50-6,0,376,0,2000,124,1,0.752,0.858447489
ccfx-50-7,0,376,0,2000,124,1,0.752,0.858447489
ccfx-50-8,0,376,0,2000,124,1,0.752,0.858447489
ccfx-50-9,0,376,0,2000,124,1,0.752,0.858447489
ccfx-5-10,30,398,8,1992,102,0.980295567,0.796,0.878587196
ccfx-5-11,30,398,8,1992,102,0.980295567,0.796,0.878587196
ccfx-5-12,23,388,8,1992,112,0.97979798,0.776,0.866071429
ccfx-5-1,52,468,0,2000,32,1,0.936,0.966942149
ccfx-5-2,52,468,0,2000,32,1,0.936,0.966942149
ccfx-5-3,52,468,0,2000,32,1,0.936,0.966942149
ccfx-5-4,52,468,0,2000,32,1,0.936,0.966942149
ccfx-5-5,51,438,0,2000,62,1,0.876,0.933901919
ccfx-5-6,43,452,4,1996,48,0.99122807,0.904,0.945606695
ccfx-5-7,36,438,4,1996,62,0.990950226,0.876,0.929936306
ccfx-5-8,32,420,8,1992,80,0.981308411,0.84,0.905172414
ccfx-5-9,30,416,8,1992,84,0.981132075,0.832,0.9004329
deckard-30-0-0.95,0,484,0,2000,16,1,0.968,0.983739837
deckard-30-0-1.0,0,404,0,2000,96,1,0.808,0.89380531
deckard-30-2-0.95,9,478,8,1992,22,0.983539095,0.956,0.969574037
deckard-30-2-1.0,0,476,0,2000,24,1,0.952,0.975409836
deckard-50-0-0.95,0,396,0,2000,104,1,0.792,0.883928571
deckard-50-0-1.0,0,300,0,2000,200,1,0.6,0.75
deckard-50-2-0.95,4,484,40,1960,16,0.923664122,0.968,0.9453125
deckard-50-2-1.0,0,376,0,2000,124,1,0.752,0.858447489
diff,12,424,27,1973,76,0.940133038,0.848,0.891692955
gzipncd-1,22,425,52,1948,75,0.890985325,0.85,0.870010235
gzipncd-2,23,434,56,1944,66,0.885714286,0.868,0.876767677
gzipncd-3,25,442,52,1948,58,0.894736842,0.884,0.889336016
gzipncd-4,26,434,52,1948,66,0.893004115,0.868,0.880324544
gzipncd-5,28,432,52,1948,68,0.892561983,0.864,0.87804878
gzipncd-6,28,436,60,1940,64,0.879032258,0.872,0.875502008
gzipncd-7,28,442,65,1935,58,0.871794872,0.884,0.877855015
gzipncd-8,28,457,61,1939,43,0.882239382,0.914,0.8978389
gzipncd-9,28,460,61,1939,40,0.882917466,0.92,0.901077375
iclones-2-100,0,178,0,2000,322,1,0.356,0.525073746
iclones-2-110,0,174,0,2000,326,1,0.348,0.516320475
iclones-2-120,0,112,0,2000,388,1,0.224,0.366013072
iclones-2-130,0,108,0,2000,392,1,0.216,0.355263158
iclones-2-140,0,84,0,2000,416,1,0.168,0.287671233
iclones-2-150,0,82,0,2000,418,1,0.164,0.281786942
iclones-2-80,0,254,0,2000,246,1,0.508,0.673740053
iclones-2-90,0,200,0,2000,300,1,0.4,0.571428571
iclones-4-100,0,236,0,2000,264,1,0.472,0.641304348
iclones-4-110,0,202,0,2000,298,1,0.404,0.575498575
iclones-4-120,0,162,0,2000,338,1,0.324,0.489425982
iclones-4-130,0,156,0,2000,344,1,0.312,0.475609756
iclones-4-140,0,146,0,2000,354,1,0.292,0.452012384
iclones-4-150,0,146,0,2000,354,1,0.292,0.452012384
iclones-4-80,0,326,0,2000,174,1,0.652,0.789346247
iclones-4-90,0,270,0,2000,230,1,0.54,0.701298701
iclones-6-100,0,252,0,2000,248,1,0.504,0.670212766
iclones-6-110,0,234,0,2000,266,1,0.468,0.63760218
iclones-6-120,0,204,0,2000,296,1,0.408,0.579545455
iclones-6-130,0,184,0,2000,316,1,0.368,0.538011696
iclones-6-140,0,154,0,2000,346,1,0.308,0.470948012
iclones-6-150,0,152,0,2000,348,1,0.304,0.466257669
iclones-6-80,0,302,0,2000,198,1,0.604,0.753117207
iclones-6-90,0,302,0,2000,198,1,0.604,0.753117207
iclones-8-100,0,226,0,2000,274,1,0.452,0.622589532
iclones-8-110,0,226,0,2000,274,1,0.452,0.622589532
iclones-8-120,0,198,0,2000,302,1,0.396,0.567335244
iclones-8-130,0,188,0,2000,312,1,0.376,0.546511628
iclones-8-140,0,180,0,2000,320,1,0.36,0.529411765
iclones-8-150,0,178,0,2000,322,1,0.356,0.525073746
iclones-8-80,0,334,0,2000,166,1,0.668,0.800959233
iclones-8-90,0,328,0,2000,172,1,0.656,0.792270531
icd-BZip2-1,55,392,64,1936,108,0.859649123,0.784,0.820083682
icd-BZip2-3,55,392,64,1936,108,0.859649123,0.784,0.820083682
icd-BZip2-5,55,392,64,1936,108,0.859649123,0.784,0.820083682
icd-BZip2-7,48,434,123,1877,66,0.779174147,0.868,0.821192053
icd-BZip2-9,48,434,123,1877,66,0.779174147,0.868,0.821192053
icd-Deflate-1,42,405,85,1915,95,0.826530612,0.81,0.818181818
icd-Deflate-3,42,405,85,1915,95,0.826530612,0.81,0.818181818
icd-Deflate-5,43,430,109,1891,70,0.797773655,0.86,0.827718961
icd-Deflate64-1,42,405,85,1915,95,0.826530612,0.81,0.818181818
icd-Deflate64-3,42,405,85,1915,95,0.826530612,0.81,0.818181818
icd-Deflate64-5,44,420,94,1906,80,0.817120623,0.84,0.828402367
icd-Deflate64-7,46,407,78,1922,93,0.839175258,0.814,0.826395939
icd-Deflate64-9,45,423,99,1901,77,0.810344828,0.846,0.82778865
icd-Deflate-7,46,407,78,1922,93,0.839175258,0.814,0.826395939
icd-Deflate-9,45,422,97,1903,78,0.813102119,0.844,0.828263003
icd-LZMA-1,44,430,108,1892,70,0.799256506,0.86,0.828516378
icd-LZMA2-1,44,430,108,1892,70,0.799256506,0.86,0.828516378
icd-LZMA2-3,46,411,81,1919,89,0.835365854,0.822,0.828629032
icd-LZMA2-5,48,414,79,1921,86,0.839756592,0.828,0.833836858
icd-LZMA2-7,50,407,60,1940,93,0.871520343,0.814,0.841778697
icd-LZMA2-9,50,407,60,1940,93,0.871520343,0.814,0.841778697
icd-LZMA-3,49,378,33,1967,122,0.919708029,0.756,0.8298573
icd-LZMA-5,48,413,79,1921,87,0.839430894,0.826,0.83266129
icd-LZMA-7,50,403,60,1940,97,0.870410367,0.806,0.836967809
icd-LZMA-9,50,403,60,1940,97,0.870410367,0.806,0.836967809
icd-PPMd-1,43,425,138,1862,75,0.754884547,0.85,0.799623706
icd-PPMd-3,43,425,138,1862,75,0.754884547,0.85,0.799623706
icd-PPMd-5,51,380,71,1929,120,0.842572062,0.76,0.79915878
icd-PPMd-7,48,433,132,1868,67,0.766371681,0.866,0.81314554
icd-PPMd-9,53,405,75,1925,95,0.84375,0.81,0.826530612
jplag-java-10,10,432,24,1976,68,0.947368421,0.864,0.90376569
jplag-java-11,10,432,24,1976,68,0.947368421,0.864,0.90376569
jplag-java-12,10,432,24,1976,68,0.947368421,0.864,0.90376569
jplag-java-1,74,424,148,1852,76,0.741258741,0.848,0.791044776
jplag-java-2,64,444,48,1952,56,0.902439024,0.888,0.89516129
jplag-java-3,52,458,20,1980,42,0.958158996,0.916,0.936605317
jplag-java-4,40,456,32,1968,44,0.93442623,0.912,0.923076923
jplag-java-5,31,480,56,1944,20,0.895522388,0.96,0.926640927
jplag-java-6,20,472,56,1944,28,0.893939394,0.944,0.918287938
jplag-java-7,15,480,24,1976,20,0.952380952,0.96,0.956175299
jplag-java-8,15,456,24,1976,44,0.95,0.912,0.930612245
jplag-java-9,10,444,24,1976,56,0.948717949,0.888,0.917355372
jplag-text-10,0,492,28,1972,8,0.946153846,0.984,0.964705882
jplag-text-11,0,476,28,1972,24,0.944444444,0.952,0.948207171
jplag-text-12,0,476,28,1972,24,0.944444444,0.952,0.948207171
jplag-text-1,60,468,12,1988,32,0.975,0.936,0.955102041
jplag-text-2,35,489,42,1958,11,0.920903955,0.978,0.948593598
jplag-text-3,30,448,34,1966,52,0.929460581,0.896,0.912423625
jplag-text-4,20,452,42,1958,48,0.914979757,0.904,0.90945674
jplag-text-5,21,420,34,1966,80,0.925110132,0.84,0.880503145
jplag-text-6,13,452,74,1926,48,0.859315589,0.904,0.881091618
jplag-text-7,8,476,50,1950,24,0.904942966,0.952,0.927875244
jplag-text-8,4,500,50,1950,0,0.909090909,1,0.952380952
jplag-text-9,0,500,50,1950,0,0.909090909,1,0.952380952
lucene,77,460,70,1930,40,0.867924528,0.92,0.893203883
ncd-bzlib,35,456,88,1912,44,0.838235294,0.912,0.873563218
ncd-zlib,27,456,61,1939,44,0.882011605,0.912,0.896755162
nicad-0.0,0,156,0,2000,344,1,0.312,0.475609756
nicad-0.1,0,180,0,2000,320,1,0.36,0.529411765
nicad-0.2,0,230,0,2000,270,1,0.46,0.630136986
nicad-0.3,0,274,0,2000,226,1,0.548,0.708010336
nicad-0.4,0,350,0,2000,150,1,0.7,0.823529412
nicad-0.5,0,388,28,1972,112,0.932692308,0.776,0.847161572
nicad-0.6,35,360,100,1900,140,0.782608696,0.72,0.75
nicad-0.7,67,312,106,1894,188,0.746411483,0.624,0.679738562
nicad-0.8,90,156,48,1952,344,0.764705882,0.312,0.443181818
nicad-0.9,73,436,1528,472,64,0.221995927,0.872,0.353896104
nicad-abstractconditions,0,214,0,2000,286,1,0.428,0.599439776
nicad-abstractexpressions,0,404,0,2000,96,1,0.808,0.89380531
nicad-blindrename,0,428,0,2000,72,1,0.856,0.922413793
nicad-consistentrename,0,396,0,2000,104,1,0.792,0.883928571
nicad-filterdeclarations,0,258,0,2000,242,1,0.516,0.680738786
nicad-javanormalizeifconditions,-1,0,0,0,0,0,0,
nicad-metrics,0,388,28,1972,112,0.932692308,0.776,0.847161572
nicad-type1,0,156,0,2000,344,1,0.312,0.475609756
nicad-type2c,0,304,0,2000,196,1,0.608,0.756218905
nicad-type2,0,348,0,2000,152,1,0.696,0.820754717
nicad-type3-1,0,274,0,2000,226,1,0.548,0.708010336
nicad-type3-2c,0,396,0,2000,104,1,0.792,0.883928571
nicad-type3-2,0,428,0,2000,72,1,0.856,0.922413793
plaggie-10,11,438,40,1960,62,0.916317992,0.876,0.895705521
plaggie-11,11,436,24,1976,64,0.947826087,0.872,0.908333333
plaggie-12,6,456,28,1972,44,0.94214876,0.912,0.926829268
plaggie-13,0,460,0,2000,40,1,0.92,0.958333333
plaggie-14,0,460,0,2000,40,1,0.92,0.958333333
plaggie-1,96,287,8,1992,213,0.972881356,0.574,0.722012579
plaggie-2,80,362,76,1924,138,0.826484018,0.724,0.771855011
plaggie-3,70,400,0,2000,100,1,0.8,0.888888889
plaggie-4,60,408,0,2000,92,1,0.816,0.898678414
plaggie-5,37,450,72,1928,50,0.862068966,0.9,0.880626223
plaggie-6,33,448,47,1953,52,0.905050505,0.896,0.900502513
plaggie-7,33,408,24,1976,92,0.944444444,0.816,0.875536481
plaggie-8,21,452,63,1937,48,0.877669903,0.904,0.890640394
plaggie-9,21,404,0,2000,96,1,0.808,0.89380531
py-difflib.SM_autojunk,23,460,12,1988,40,0.974576271,0.92,0.946502058
py-difflib.SM_noautojunk,47,388,20,1980,112,0.950980392,0.776,0.854625551
py-difflib.SM_nowhitespace_autojunk,22,440,10,1990,60,0.977777778,0.88,0.926315789
py-difflib.SM_nowhitespace_noautojunk,21,440,78,1922,60,0.849420849,0.88,0.864440079
py-fuzzywuzzy.partial_ratio,27,468,20,1980,32,0.959016393,0.936,0.947368421
py-fuzzywuzzy.partial_token_sort_ratio,27,352,20,1980,148,0.946236559,0.704,0.80733945
py-fuzzywuzzy.ratio,23,460,12,1988,40,0.974576271,0.92,0.946502058
py-fuzzywuzzy.token_set_ratio,89,464,0,2000,36,1,0.928,0.962655602
py-fuzzywuzzy.token_sort_ratio,9,355,36,1964,145,0.907928389,0.71,0.796857464
py-jellyfish.jaro_distance,79,308,32,1968,192,0.905882353,0.616,0.733333333
py-jellyfish.jaro_winkler,82,412,216,1784,88,0.656050955,0.824,0.730496454
py-ngram.compare,46,436,58,1942,64,0.882591093,0.872,0.877263581
py-sklearn.cosine_similarity,69,500,50,1950,0,0.909090909,1,0.952380952
sherlock1-1-0,64,492,24,1976,8,0.953488372,0.984,0.968503937
sherlock1-1-1,56,460,14,1986,40,0.970464135,0.92,0.944558522
sherlock1-1-2,61,444,50,1950,56,0.898785425,0.888,0.893360161
sherlock1-1-3,68,464,100,1900,36,0.822695035,0.928,0.872180451
sherlock1-1-4,68,280,42,1958,220,0.869565217,0.56,0.681265207
sherlock1-1-5,69,304,48,1952,196,0.863636364,0.608,0.713615023
sherlock1-1-6,37,258,174,1826,242,0.597222222,0.516,0.553648069
sherlock1-1-7,0,197,216,1784,303,0.476997579,0.394,0.431544359
sherlock1-1-8,0,118,0,2000,382,1,0.236,0.381877023
sherlock1-2-0,33,466,28,1972,34,0.943319838,0.932,0.937625755
sherlock1-2-1,34,480,28,1972,20,0.94488189,0.96,0.952380952
sherlock1-2-2,33,484,40,1960,16,0.923664122,0.968,0.9453125
sherlock1-2-3,38,500,94,1906,0,0.841750842,1,0.914076782
sherlock1-2-4,38,458,48,1952,42,0.90513834,0.916,0.910536779
sherlock1-2-5,48,422,92,1908,78,0.821011673,0.844,0.83234714
sherlock1-2-6,40,330,190,1810,170,0.634615385,0.66,0.647058824
sherlock1-2-7,14,401,264,1736,99,0.603007519,0.802,0.688412017
sherlock1-2-8,33,306,176,1824,194,0.634854772,0.612,0.623217923
sherlock1-3-0,18,446,28,1972,54,0.94092827,0.892,0.915811088
sherlock1-3-1,19,416,24,1976,84,0.945454545,0.832,0.885106383
sherlock1-3-2,19,410,16,1984,90,0.962441315,0.82,0.885529158
sherlock1-3-3,18,464,88,1912,36,0.84057971,0.928,0.882129278
sherlock1-3-4,32,404,46,1954,96,0.897777778,0.808,0.850526316
sherlock1-3-5,23,356,12,1988,144,0.967391304,0.712,0.820276498
sherlock1-3-6,17,388,60,1940,112,0.866071429,0.776,0.818565401
sherlock1-3-7,12,436,112,1888,64,0.795620438,0.872,0.832061069
sherlock1-3-8,11,329,32,1968,171,0.911357341,0.658,0.764227642
sherlock1-4-0,11,444,28,1972,56,0.940677966,0.888,0.913580247
sherlock1-4-1,9,500,34,1966,0,0.936329588,1,0.967117988
sherlock1-4-2,9,500,16,1984,0,0.968992248,1,0.984251969
sherlock1-4-3,8,470,24,1976,30,0.951417004,0.94,0.945674044
sherlock1-4-4,4,462,22,1978,38,0.954545455,0.924,0.93902439
sherlock1-4-5,5,444,136,1864,56,0.765517241,0.888,0.822222222
sherlock1-4-6,11,344,44,1956,156,0.886597938,0.688,0.774774775
sherlock1-4-7,0,250,0,2000,250,1,0.5,0.666666667
sherlock1-4-8,0,199,0,2000,301,1,0.398,0.569384835
sherlock1-5-0,8,420,34,1966,80,0.925110132,0.84,0.880503145
sherlock1-5-1,12,396,16,1984,104,0.961165049,0.792,0.868421053
sherlock1-5-2,10,400,20,1980,100,0.952380952,0.8,0.869565217
sherlock1-5-3,5,430,104,1896,70,0.805243446,0.86,0.83172147
sherlock1-5-4,9,412,72,1928,88,0.851239669,0.824,0.837398374
sherlock1-5-5,4,438,4,1996,62,0.990950226,0.876,0.929936306
sherlock1-5-6,7,414,6,1994,86,0.985714286,0.828,0.9
sherlock1-5-7,10,388,80,1920,112,0.829059829,0.776,0.801652893
sherlock1-5-8,25,262,4,1996,238,0.984962406,0.524,0.684073107
sherlock1-6-0,8,404,20,1980,96,0.952830189,0.808,0.874458874
sherlock1-6-1,4,450,52,1948,50,0.896414343,0.9,0.898203593
sherlock1-6-2,4,450,60,1940,50,0.882352941,0.9,0.891089109
sherlock1-6-3,2,500,58,1942,0,0.896057348,1,0.945179584
sherlock1-6-4,1,500,50,1950,0,0.909090909,1,0.952380952
sherlock1-6-5,0,444,50,1950,56,0.898785425,0.888,0.893360161
sherlock1-6-6,3,436,22,1978,64,0.951965066,0.872,0.910229645
sherlock1-6-7,0,293,32,1968,207,0.901538462,0.586,0.71030303
sherlock1-6-8,0,273,32,1968,227,0.895081967,0.546,0.67826087
sherlock1-7-0,5,404,28,1972,96,0.935185185,0.808,0.86695279
sherlock1-7-1,2,492,128,1872,8,0.793548387,0.984,0.878571429
sherlock1-7-2,2,492,104,1896,8,0.825503356,0.984,0.897810219
sherlock1-7-3,3,442,34,1966,58,0.928571429,0.884,0.905737705
sherlock1-7-4,2,414,18,1982,86,0.958333333,0.828,0.888412017
sherlock1-7-5,0,402,50,1950,98,0.889380531,0.804,0.844537815
sherlock1-7-6,0,316,32,1968,184,0.908045977,0.632,0.745283019
sherlock1-7-7,0,214,0,2000,286,1,0.428,0.599439776
sherlock1-7-8,0,185,0,2000,315,1,0.37,0.540145985
sherlock1-8-0,2,476,94,1906,24,0.835087719,0.952,0.889719626
sherlock1-8-1,3,468,58,1942,32,0.88973384,0.936,0.912280702
sherlock1-8-2,4,428,52,1948,72,0.891666667,0.856,0.873469388
sherlock1-8-3,4,398,52,1948,102,0.884444444,0.796,0.837894737
sherlock1-8-4,6,348,16,1984,152,0.956043956,0.696,0.805555556
sherlock1-8-5,13,314,14,1986,186,0.957317073,0.628,0.758454106
sherlock1-8-6,7,424,320,1680,76,0.569892473,0.848,0.681672026
sherlock1-8-7,27,240,64,1936,260,0.789473684,0.48,0.597014925
sherlock1-8-8,30,296,312,1688,204,0.486842105,0.592,0.534296029
simian-10,0,150,0,2000,350,1,0.3,0.461538462
simian-10-ignoreCharacters,0,150,0,2000,350,1,0.3,0.461538462
simian-10-ignoreIdentifiers,0,300,0,2000,200,1,0.6,0.75
simian-10-ignoreLiterals,0,150,0,2000,350,1,0.3,0.461538462
simian-10-ignoreVariableNames,0,270,0,2000,230,1,0.54,0.701298701
simian-2,6,408,0,2000,92,1,0.816,0.898678414
simian-2-ignoreCharacters,6,408,0,2000,92,1,0.816,0.898678414
simian-2-ignoreIdentifiers,20,472,54,1946,28,0.897338403,0.944,0.920077973
simian-2-ignoreLiterals,6,420,0,2000,80,1,0.84,0.913043478
simian-2-ignoreVariableNames,16,486,14,1986,14,0.972,0.972,0.972
simian-3,0,388,0,2000,112,1,0.776,0.873873874
simian-3-ignoreCharacters,0,388,0,2000,112,1,0.776,0.873873874
simian-3-ignoreIdentifiers,13,440,4,1996,60,0.990990991,0.88,0.93220339
simian-3-ignoreLiterals,0,420,0,2000,80,1,0.84,0.913043478
simian-3-ignoreVariableNames,8,456,20,1980,44,0.957983193,0.912,0.93442623
simian-4,0,360,0,2000,140,1,0.72,0.837209302
simian-4-ignoreCharacters,0,360,0,2000,140,1,0.72,0.837209302
simian-4-ignoreIdentifiers,5,460,16,1984,40,0.966386555,0.92,0.942622951
simian-4-ignoreLiterals,0,396,0,2000,104,1,0.792,0.883928571
simian-4-ignoreVariableNames,0,460,16,1984,40,0.966386555,0.92,0.942622951
simian-5,0,326,0,2000,174,1,0.652,0.789346247
simian-5-ignoreCharacters,0,326,0,2000,174,1,0.652,0.789346247
simian-5-ignoreIdentifiers,5,434,0,2000,66,1,0.868,0.929336188
simian-5-ignoreLiterals,0,330,0,2000,170,1,0.66,0.795180723
simian-5-ignoreVariableNames,0,460,0,2000,40,1,0.92,0.958333333
simian-6,0,266,0,2000,234,1,0.532,0.694516971
simian-6-ignoreCharacters,0,266,0,2000,234,1,0.532,0.694516971
simian-6-ignoreIdentifiers,5,410,0,2000,90,1,0.82,0.901098901
simian-6-ignoreLiterals,0,270,0,2000,230,1,0.54,0.701298701
simian-6-ignoreVariableNames,0,420,0,2000,80,1,0.84,0.913043478
simian-7,0,194,0,2000,306,1,0.388,0.55907781
simian-7-ignoreCharacters,0,194,0,2000,306,1,0.388,0.55907781
simian-7-ignoreIdentifiers,5,394,0,2000,106,1,0.788,0.881431767
simian-7-ignoreLiterals,0,194,0,2000,306,1,0.388,0.55907781
simian-7-ignoreVariableNames,0,396,0,2000,104,1,0.792,0.883928571
simian-8,0,166,0,2000,334,1,0.332,0.498498498
simian-8-ignoreCharacters,0,166,0,2000,334,1,0.332,0.498498498
simian-8-ignoreIdentifiers,0,376,0,2000,124,1,0.752,0.858447489
simian-8-ignoreLiterals,0,166,0,2000,334,1,0.332,0.498498498
simian-8-ignoreVariableNames,0,356,0,2000,144,1,0.712,0.831775701
simian-9,0,158,0,2000,342,1,0.316,0.480243161
simian-9-ignoreCharacters,0,158,0,2000,342,1,0.316,0.480243161
simian-9-ignoreIdentifiers,0,336,0,2000,164,1,0.672,0.803827751
simian-9-ignoreLiterals,0,158,0,2000,342,1,0.316,0.480243161
simian-9-ignoreVariableNames,0,282,0,2000,218,1,0.564,0.721227621
simjava-10,41,428,4,1996,72,0.990740741,0.856,0.918454936
simjava-11,39,428,0,2000,72,1,0.856,0.922413793
simjava-12,39,420,0,2000,80,1,0.84,0.913043478
simjava-13,35,428,8,1992,72,0.981651376,0.856,0.914529915
simjava-14,31,432,8,1992,68,0.981818182,0.864,0.919148936
simjava-15,31,420,8,1992,80,0.981308411,0.84,0.905172414
simjava-16,28,428,16,1984,72,0.963963964,0.856,0.906779661
simjava-17,26,440,24,1976,60,0.948275862,0.88,0.912863071
simjava-18,24,444,24,1976,56,0.948717949,0.888,0.917355372
simjava-19,19,492,12,1988,8,0.976190476,0.984,0.980079681
simjava-20,20,468,8,1992,32,0.983193277,0.936,0.959016393
simjava-21,14,492,8,1992,8,0.984,0.984,0.984
simjava-22,14,492,8,1992,8,0.984,0.984,0.984
simjava-23,11,500,8,1992,0,0.984251969,1,0.992063492
simjava-24,11,500,8,1992,0,0.984251969,1,0.992063492
simjava-25,11,500,8,1992,0,0.984251969,1,0.992063492
simjava-26,11,500,8,1992,0,0.984251969,1,0.992063492
simjava-27,10,500,16,1984,0,0.968992248,1,0.984251969
simjava-28,10,500,16,1984,0,0.968992248,1,0.984251969
simtext-10,0,420,0,2000,80,1,0.84,0.913043478
simtext-11,0,404,0,2000,96,1,0.808,0.89380531
simtext-12,0,356,0,2000,144,1,0.712,0.831775701
simtext-4,31,500,66,1934,0,0.883392226,1,0.938086304
simtext-5,23,500,58,1942,0,0.896057348,1,0.945179584
simtext-6,10,476,50,1950,24,0.904942966,0.952,0.927875244
simtext-7,24,436,26,1974,64,0.943722944,0.872,0.906444906
simtext-8,0,444,50,1950,56,0.898785425,0.888,0.893360161
simtext-9,10,428,0,2000,72,1,0.856,0.922413793